state,county,total_population,percent_homeowners,percent_below_poverty,percent_fair_or_poor_health,percent_frequent_physical_distress,percent_adults_with_obesity,percent_frequent_mental_distress,percent_minorities,percent_insufficient_sleep,per_capita_income,percent_no_highschool_diploma,percent_unemployed_CDC,percent_excessive_drinking_cat,population_density_per_sqmi_cat
Alabama,Greene,8587,68.73096447,37.9,33.98515564,19.44458471,35.5,18.4575285,82.9,45.23545272,13679.0,23.1,18.2,very low,under_populated
Alabama,Perry,9856,72.75089315,39.8,35.42905408,21.16117772,43.4,20.0020255,70.4,44.0162448,14033.0,23.6,11.7,very low,under_populated
Alabama,Bullock,10552,75.53338875,26.9,30.99910185,16.88096852,37.2,15.85477602,78.3,45.02063587,17909.0,33.4,13.3,low,under_populated
Alabama,Lawrence,33433,79.0960893,18.3,21.83380312,14.50540137,32.6,15.35418659,23.3,38.71894829,21911.0,22.5,8.3,low,under_populated
Alabama,Chambers,34018,67.7641314,20.3,23.9954736,15.24778731,40.1,15.49667308,43.3,37.26657479,21532.0,19.7,7.5,low,under_populated
Alabama,Covington,37729,74.0271855,19.0,22.66880625,14.01217506,31.7,14.89160768,16.5,35.91244884,21738.0,19.1,10.7,low,under_populated
Alabama,Escambia,37875,68.78909741,25.2,26.05489189,16.25681005,39.4,16.34386849,39.4,39.74832963,17420.0,19.5,15.2,low,under_populated
Alabama,Tallapoosa,40958,72.84776265,23.4,22.84730675,14.51525338,36.0,15.30771513,30.9,41.19439254,21410.0,20.4,9.8,low,under_populated
Alabama,Madison,349973,67.22613868,13.3,19.25782533,13.05633916,32.9,13.87830515,34.6,36.15362162,33264.0,9.2,7.3,low,extremely_populated
Alabama,Mobile,414291,64.8908112,19.5,22.3990914,14.41975759,36.3,15.58144539,42.1,37.29141239,23318.0,14.2,8.7,low,extremely_populated
Alabama,Jefferson,659096,62.79912925,18.1,19.69630214,13.71110804,34.6,14.56821527,49.3,36.34513264,28162.0,11.0,8.2,low,extremely_populated
Alaska,Yakutat,646,62.5,7.9,16.43724912,11.83673809,31.9,11.81261716,56.8,33.35269154,31084.0,5.5,7.1,high,under_populated
Alaska,Bristol Bay,942,52.85285285,7.3,15.38526942,11.17726965,41.8,11.68098607,46.9,31.39145517,41420.0,7.4,5.7,high,under_populated
Alaska,Skagway,1014,51.5,5.3,11.60499358,9.06592394,32.6,9.960625091,23.6,28.37188813,39412.0,3.5,6.7,high,under_populated
Alaska,Aleutians West,5714,28.1462585,7.7,15.17262647,9.154826625,44.3,8.286391194,74.0,34.42104981,35083.0,12.5,1.1,high,under_populated
Alaska,Prince of Wales-Hyder,6374,72.83531409,14.9,18.48660272,13.0062837,44.9,12.94921826,54.9,33.07834928,25564.0,9.5,13.6,high,under_populated
Alaska,Southeast Fairbanks,6970,73.55524734,13.6,14.79708249,10.32349532,32.8,10.93836608,24.6,28.12695807,30757.0,9.3,9.4,high,under_populated
Alaska,Northwest Arctic,7723,55.59139785,24.5,23.52824347,16.81157019,42.1,15.61197125,88.8,35.20411423,21028.0,20.9,22.6,high,under_populated
Alaska,Kusilvak,7993,74.29078014,36.0,36.93195283,24.12967829,23.2,21.24781325,96.3,37.63225084,11701.0,21.6,26.4,high,under_populated
Alaska,Matanuska-Susitna,98679,76.89368179,9.7,13.21390288,11.05139516,34.4,10.52542082,19.6,34.53830633,30078.0,7.6,9.9,high,under_populated
Alaska,Fairbanks North Star,100150,58.50792868,7.8,11.95641275,9.112987476,30.0,10.12658404,28.5,30.20848831,34182.0,5.6,8.5,high,under_populated
Alaska,Anchorage,299321,60.85670835,8.1,14.99110713,10.32867486,31.8,9.991899612,40.2,29.73926991,37864.0,6.7,6.0,high,extremely_populated
Arizona,Greenlee,9224,49.17829457,13.4,17.86541623,11.46469725,29.3,11.63124555,52.2,34.04365561,23778.0,12.1,8.9,high,under_populated
Arizona,La Paz,20304,74.28186715,21.1,22.00599671,13.96879214,30.2,13.96810884,41.1,31.53598945,21447.0,24.8,10.6,low,under_populated
Arizona,Graham,37529,69.25431274,22.5,18.91427963,13.59065329,34.8,13.1929337,48.5,29.29763508,17710.0,14.6,14.4,high,under_populated
Arizona,Navajo,108209,69.05862179,29.9,24.2846849,15.78199163,34.0,16.40560919,58.1,35.41784351,16564.0,18.5,18.5,low,under_populated
Arizona,Cochise,128177,69.16954315,18.9,18.06944859,12.80515415,29.8,12.94441042,43.7,30.93368862,23757.0,13.4,8.6,low,under_populated
Arizona,Coconino,138064,60.57407564,22.2,15.88451414,12.9361916,23.8,13.35555706,45.4,30.63310324,24711.0,11.1,8.2,high,under_populated
Arizona,Yuma,203292,67.0852711,20.5,22.72637637,13.34006842,36.9,12.35280353,67.3,29.77412231,19483.0,28.3,12.5,high,under_populated
Arizona,Mohave,203629,68.63777271,19.3,18.91227263,13.21160874,31.8,14.12819143,21.7,33.23755135,22026.0,16.1,11.7,high,under_populated
Arizona,Pinal,397604,74.38121877,16.5,20.09121745,13.00784881,32.6,12.55267626,42.1,35.49079084,21982.0,15.1,9.4,high,under_populated
Arizona,Pima,1000000,62.39003061,19.1,17.16099051,11.68049064,25.0,12.4380782,46.7,30.90993482,26204.0,12.3,9.2,high,over_populated
Arizona,Maricopa,1000000,61.35798581,16.5,15.62265423,10.95555445,26.9,11.63868711,43.1,34.26794227,28791.0,13.1,6.8,high,extremely_populated
Arkansas,Calhoun,5210,83.57438017,19.2,23.97552891,14.38454858,29.4,14.99208474,27.1,35.63525329,21093.0,16.8,6.8,low,under_populated
Arkansas,Woodruff,6873,66.50519031,24.1,25.88739379,15.205464,42.1,15.76525002,30.7,36.06189848,18382.0,24.5,12.3,low,under_populated
Arkansas,Lafayette,7127,76.63518713,26.4,25.29387321,14.74167197,46.2,15.1828982,40.7,37.63420737,24171.0,19.8,11.1,low,under_populated
Arkansas,Arkansas,18569,63.70736787,19.6,23.12340567,14.18521514,30.6,14.75399164,29.6,36.1572473,23287.0,17.5,9.1,low,under_populated
Arkansas,Drew,18688,68.25306355,27.7,25.46629278,14.98958369,40.8,15.52135449,32.9,36.77830222,18373.0,18.3,12.9,low,under_populated
Arkansas,Phillips,19929,48.19951987,33.5,32.867584,17.37135284,42.8,17.66769869,65.3,37.3770475,16684.0,23.6,17.6,low,under_populated
Arkansas,Polk,20290,75.78010727,25.2,23.87884729,15.16505207,33.6,16.2440041,11.5,34.07349102,18097.0,15.7,8.7,low,under_populated
Arkansas,Ashley,20989,73.67024637,19.9,24.02256347,14.39071945,42.6,15.38754931,32.0,33.27037939,20290.0,16.1,10.0,low,under_populated
Arkansas,Washington,219930,53.287306,19.0,20.14774338,12.5581501,29.8,14.05263498,27.6,34.30567041,25249.0,15.8,5.2,high,extremely_populated
Arkansas,Benton,245231,66.37973986,11.4,16.23336006,11.59951467,29.3,12.34530454,25.3,30.30248546,28996.0,12.8,3.4,high,extremely_populated
Arkansas,Pulaski,391806,58.44553516,18.0,19.18877764,11.88291138,33.2,12.88922103,46.4,35.16190774,28421.0,9.9,6.4,low,extremely_populated
California,Alpine,1184,83.94648829,18.9,16.46323334,12.54337614,23.0,13.61296924,32.1,31.14815111,26783.0,8.9,11.8,high,under_populated
California,Sierra,2931,81.38597905,11.3,13.77226377,10.82676392,24.7,12.38517704,14.1,29.23812372,31873.0,11.0,3.9,high,under_populated
California,Modoc,9033,76.58469945,16.9,16.44623385,12.02392675,28.3,13.5376651,22.4,30.42234708,21899.0,13.6,6.8,high,under_populated
California,Imperial,178807,58.37210886,24.1,24.612959,14.17321348,34.6,13.47738843,88.1,33.77175298,16311.0,33.0,17.1,high,under_populated
California,Shasta,179228,63.45834575,17.5,14.38507462,11.64946284,23.8,13.25487962,19.0,29.71087593,25094.0,10.0,8.7,high,under_populated
California,El Dorado,183000,76.60614121,9.8,12.03408866,9.898271673,22.5,11.263448,21.3,30.57721696,37089.0,7.4,9.6,high,over_populated
California,Yolo,209671,51.71133179,19.3,15.90090609,11.30434452,23.9,12.21052448,51.9,30.3638795,28996.0,14.4,7.9,high,extremely_populated
California,Butte,223877,59.17024782,21.3,17.4487559,12.60075162,27.2,13.42344085,26.6,31.68925688,25077.0,11.7,10.7,high,extremely_populated
California,Orange,1000000,57.36967162,12.5,13.90237777,9.249026068,19.4,10.22589266,58.0,30.7875609,35939.0,15.5,6.8,high,extremely_populated
California,San Diego,1000000,53.07422832,14.0,14.45889521,10.58489796,20.3,10.6885381,53.3,32.08728464,32482.0,13.6,7.8,high,extremely_populated
California,Los Angeles,1000000,45.81303883,17.8,16.41866935,10.91667066,21.7,11.06520698,73.3,35.14728053,29301.0,22.3,8.9,high,extremely_populated
Colorado,San Juan,552,66.91729323,3.8,15.05190653,11.06612559,24.8,12.16181861,24.1,26.81270278,29427.0,4.6,10.3,high,under_populated
Colorado,Mineral,793,88.8,8.2,11.94973749,9.613143067,21.1,11.09671639,15.5,23.98616122,35041.0,3.4,2.1,high,under_populated
Colorado,Hinsdale,856,71.57622739,11.2,12.12761198,9.649447809,24.4,11.39489695,6.5,25.34834204,29958.0,5.1,5.1,high,under_populated
Colorado,Moffat,13034,68.02303263,11.1,13.35645669,10.16708271,26.3,11.46359903,18.1,28.17694137,26344.0,8.9,4.5,high,under_populated
Colorado,Las Animas,14322,68.95167516,14.3,19.7483916,12.01520738,28.9,12.34721638,47.1,27.28052501,23857.0,14.2,7.8,low,under_populated
Colorado,Grand,14490,68.84767302,10.6,11.83660254,9.647210511,18.3,11.22883082,12.6,24.48433401,32348.0,4.3,5.8,high,under_populated
Colorado,Gunnison,15889,61.08685835,15.4,13.13863775,10.37468363,16.6,11.86448945,12.1,26.12546033,25920.0,4.7,7.1,high,under_populated
Colorado,Alamosa,16353,55.71266049,31.4,22.84043616,14.20624992,24.0,14.32156667,50.9,32.33611485,18133.0,16.2,8.7,high,under_populated
Colorado,Arapahoe,617668,63.07148961,10.7,11.68405808,9.083998038,22.1,10.65711233,38.1,28.25261426,35250.0,7.7,6.0,high,extremely_populated
Colorado,Denver,663303,49.62766427,16.4,15.08485666,10.11136792,16.6,11.00953185,46.6,27.69124053,36616.0,13.6,5.4,very high,extremely_populated
Colorado,El Paso,665171,63.7637689,11.3,12.59061092,9.461760271,22.3,11.62396274,29.6,28.96456283,30261.0,6.1,7.4,high,extremely_populated
Connecticut,New London,272033,66.53414275,9.9,11.54628191,9.321727388,29.6,10.53335192,23.5,30.15719152,35531.0,8.4,7.7,high,extremely_populated
Connecticut,Windham,117078,69.65286058,11.2,13.38518756,9.664727755,30.3,11.56623572,16.2,33.62611727,28663.0,11.9,8.4,high,extremely_populated
Connecticut,New Haven,860874,61.934414,12.8,14.44271145,9.840190205,28.1,11.3155999,35.2,35.27993291,33706.0,10.5,8.5,high,extremely_populated
Connecticut,Tolland,151689,72.05605446,6.8,10.47040495,9.093836584,24.9,9.902001492,14.1,31.3206071,36364.0,6.2,6.3,high,extremely_populated
Connecticut,Litchfield,185141,77.14733669,6.9,10.67878186,8.43321223,27.7,10.32113864,10.1,28.87735649,38859.0,8.3,6.7,high,extremely_populated
Connecticut,Hartford,895699,64.49017945,11.6,13.04421594,9.23921256,26.2,11.09218505,36.7,33.02345536,36570.0,10.7,8.2,low,extremely_populated
Connecticut,Fairfield,941618,67.30545007,8.8,10.59603022,7.866190614,21.3,9.146381297,36.5,32.42233292,51719.0,10.1,8.2,high,extremely_populated
Connecticut,Middlesex,164438,73.644083,7.0,10.37722437,9.013338912,25.5,10.47002961,15.3,30.53787612,42573.0,6.2,5.3,high,extremely_populated
Delaware,Kent,171474,69.02781006,13.2,18.95571601,12.24809518,35.4,14.46969357,36.7,36.81973119,26118.0,13.1,8.0,high,extremely_populated
Delaware,New Castle,551997,68.01991612,11.4,16.79993402,11.37366656,28.7,12.79472958,40.8,36.79203769,33240.0,9.5,6.9,high,extremely_populated
Delaware,Sussex,211224,79.55239747,12.9,17.8137092,11.28882897,32.9,13.10300638,25.2,31.85719303,29630.0,13.8,7.1,high,extremely_populated
District of Columbia,District of Columbia,659009,41.79232339,17.9,13.03379366,9.103913321,23.5,10.83328486,64.2,36.20131325,48781.0,10.0,8.7,very high,extremely_populated
Florida,Liberty,8285,75.30449391,16.9,24.99128727,15.68581851,39.3,15.09226455,26.3,41.00772127,17218.0,20.9,9.1,high,under_populated
Florida,Lafayette,8742,78.90214797,18.0,20.86994125,14.31573016,32.5,14.67801287,30.7,40.06715949,19341.0,25.2,15.0,high,under_populated
Florida,Franklin,11705,75.65743542,20.7,19.3781184,12.94533169,35.5,13.71328298,21.7,34.04195224,21515.0,20.4,9.2,high,under_populated
Florida,Flagler,102917,75.79807527,13.2,17.30680159,12.48601448,25.9,14.1947901,25.0,31.90043354,25314.0,8.9,7.6,high,extremely_populated
Florida,Sumter,113589,89.75949923,9.9,14.49104118,10.8897693,29.3,12.39758148,15.3,28.64839284,31591.0,9.5,7.9,low,extremely_populated
Florida,Citrus,140453,81.44896594,17.7,17.74063658,13.05353481,29.3,15.06718965,11.1,34.54962022,24188.0,13.3,11.6,low,extremely_populated
Florida,Indian River,145342,78.11090013,14.1,17.09130075,13.17760972,26.3,13.99877697,23.6,33.81272732,32208.0,12.4,10.3,high,extremely_populated
Florida,Martin,153592,78.13826039,11.8,14.97533451,11.20729053,19.4,12.68129799,20.6,25.35027636,35892.0,10.0,8.4,high,extremely_populated
Florida,Palm Beach,1000000,68.61145972,13.9,17.40119626,12.31761523,21.2,13.16516098,43.1,36.8763451,34846.0,12.1,8.2,low,extremely_populated
Florida,Broward,1000000,62.06178675,14.4,17.78226995,12.51226838,24.6,13.17363968,60.8,36.60211604,28987.0,11.7,8.7,high,extremely_populated
Florida,Miami-Dade,1000000,51.61260662,19.9,23.64806984,13.62473443,22.2,14.16683051,85.5,33.2593524,24515.0,19.4,8.5,high,extremely_populated
Georgia,Taliaferro,1904,69.11764706,31.4,26.1946836,14.41492746,35.6,14.79977581,68.5,40.9106664,15469.0,32.8,11.7,low,under_populated
Georgia,Quitman,2095,68.7366167,25.7,23.06716999,13.31922334,29.0,14.02578911,51.8,38.32046152,18499.0,23.1,18.5,low,under_populated
Georgia,Webster,2672,79.10990009,22.4,20.20158405,11.86889712,25.8,12.84170119,50.6,37.95072414,20834.0,22.1,5.2,low,under_populated
Georgia,Emanuel,22723,65.62202097,29.5,23.57984637,13.69021488,27.7,14.68505963,40.2,37.4028323,16681.0,22.2,11.5,low,under_populated
Georgia,Mitchell,22778,63.07516796,29.9,23.34823335,13.3586876,34.5,13.92997884,53.6,39.2384572,15027.0,23.4,16.6,low,under_populated
Georgia,Burke,22838,70.55229717,30.5,24.13832937,13.9004315,34.5,14.46240151,52.9,38.92216775,18667.0,22.7,7.3,low,under_populated
Georgia,Dawson,22939,81.70129721,13.4,13.54141296,9.368442329,28.1,11.04880368,6.9,31.95634442,29958.0,13.5,7.5,high,over_populated
Georgia,Crisp,23061,57.50990515,32.9,25.67457894,14.72770954,38.1,15.45160009,49.2,39.64904729,19943.0,20.3,13.9,low,average_populated
Georgia,Cobb,728388,64.26690522,11.6,13.68297867,9.255749992,29.1,10.51493618,46.2,35.06370403,34891.0,8.8,6.8,high,extremely_populated
Georgia,Gwinnett,874242,66.21479337,13.0,16.43948614,9.673934183,30.3,10.85673967,59.7,34.5008981,26749.0,12.5,6.8,low,extremely_populated
Georgia,Fulton,996757,51.50868965,17.0,14.7536181,9.814749565,25.0,11.07124814,59.7,36.81943325,39101.0,8.7,8.9,high,extremely_populated
Hawaii,Maui,162456,60.22220584,9.8,12.8606874,9.301389053,24.0,10.70663807,69.2,37.75561842,30599.0,8.2,6.0,high,extremely_populated
Hawaii,Kauai,70447,63.09270112,9.6,12.49327899,9.287087974,21.5,9.843061287,70.3,37.40749122,28791.0,8.1,5.1,high,over_populated
Hawaii,Honolulu,986999,55.75700185,9.5,13.04336416,9.324031194,23.4,9.285716719,81.1,45.0583336,32194.0,8.9,5.1,high,extremely_populated
Hawaii,Hawaii,193680,66.89908203,18.7,13.94562311,11.00194452,25.5,12.55671791,69.6,37.85958256,25827.0,8.4,7.4,high,under_populated
Hawaii,Kalawao,91,4.255319149,12.9,14.52987551,10.38228596,17.8,10.1391286,68.1,38.32881242,45812.0,9.5,0.0,low,under_populated
Idaho,Clark,960,62.29508197,27.1,24.89730859,15.20873979,28.4,14.54561573,48.3,32.11368021,14622.0,30.5,4.7,low,under_populated
Idaho,Camas,968,75.07002801,19.8,16.90671321,12.52497999,24.8,13.18969548,9.0,29.42294817,26544.0,12.1,4.3,low,under_populated
Idaho,Butte,2592,84.19047619,15.5,14.35930596,10.97142779,28.8,12.00187388,5.5,28.8080677,25209.0,9.6,6.8,low,under_populated
Idaho,Shoshone,12551,70.09025271,17.9,15.47383074,12.06513147,35.4,12.70072873,7.8,28.12966616,21875.0,14.3,10.5,low,under_populated
Idaho,Fremont,12896,81.29496403,12.0,15.614299,11.38131539,29.7,12.22104237,14.7,27.04911511,21196.0,12.6,5.2,high,under_populated
Idaho,Franklin,13013,80.81043316,12.4,12.68636476,10.83961058,33.5,11.8028213,8.6,29.50962496,19985.0,10.0,3.8,low,under_populated
Idaho,Gooding,15157,68.25982654,15.6,17.37518832,12.28204717,33.7,12.57038969,31.9,31.14455428,20418.0,23.7,4.3,low,under_populated
Idaho,Idaho,16251,77.94618002,16.1,16.93516207,12.08220125,31.9,12.39973644,8.5,28.44529764,19524.0,11.6,6.4,low,under_populated
Idaho,Kootenai,147716,70.47456899,12.6,13.54864874,10.44501521,26.4,11.73127567,8.8,31.20770735,26514.0,7.6,7.1,high,extremely_populated
Idaho,Canyon,202782,68.16096659,18.7,17.4538842,12.46872505,34.9,12.45355263,28.7,31.56346755,18639.0,15.9,8.3,low,extremely_populated
Idaho,Ada,425798,68.37046124,12.2,11.474882,9.580587068,25.6,11.12049067,14.5,26.29686038,30086.0,5.4,5.3,high,extremely_populated
Illinois,Hardin,4173,80.31988873,18.8,17.61705452,12.12286065,24.5,13.24903849,7.2,31.4711928,21573.0,16.8,18.1,high,under_populated
Illinois,Pope,4255,85.0973236,14.9,14.55316272,10.40540586,26.6,11.62673723,9.0,30.09588617,21427.0,12.8,8.5,high,under_populated
Illinois,Calhoun,4962,83.98891967,12.4,13.69214692,10.10772126,36.2,11.58334434,2.2,30.19770087,25341.0,8.2,5.7,high,under_populated
Illinois,Jersey,22441,80.69244085,9.1,13.52778349,9.875248176,33.8,11.26829857,3.8,30.0761508,26346.0,8.8,7.9,high,under_populated
Illinois,Saline,24659,72.3855229,22.3,17.85851737,12.28268614,27.1,13.51675773,8.2,31.63232307,21917.0,13.9,12.4,high,under_populated
Illinois,Iroquois,28814,76.8571186,16.1,16.11665744,11.15108927,29.0,12.34048313,9.2,30.61407498,25562.0,11.3,6.7,high,under_populated
Illinois,Montgomery,29301,77.09674575,15.4,15.43920651,11.10003995,31.0,12.00063514,11.2,31.24078225,21072.0,14.0,5.7,high,under_populated
Illinois,Logan,29820,72.74650478,12.5,14.04613496,9.968798358,36.1,11.26618677,20.8,30.69956596,23410.0,12.6,7.1,high,under_populated
Illinois,Lake,702890,73.35248823,8.9,14.0446992,9.247481967,25.4,10.65558601,36.6,31.91934019,40655.0,10.2,7.0,high,extremely_populated
Illinois,DuPage,930514,73.17676107,7.0,12.90253039,9.036441996,26.9,10.2467465,31.7,29.9222743,40547.0,7.6,6.1,high,extremely_populated
Illinois,Cook,1000000,56.8883942,16.7,17.14085106,10.21077351,28.0,10.9586183,57.1,33.40278161,32179.0,14.2,9.7,high,extremely_populated
Indiana,Ohio,6003,78.39235973,6.7,13.97531273,9.980599048,35.6,11.82303551,3.2,31.78478331,25278.0,11.4,5.9,high,under_populated
Indiana,Union,7251,71.04708363,9.5,18.23843202,12.20221159,24.7,13.9640161,3.8,33.52204418,22918.0,11.8,5.4,high,under_populated
Indiana,Warren,8309,83.86524823,7.9,16.36477265,11.30073578,34.2,12.99701016,3.3,33.61127529,28690.0,9.0,5.0,high,under_populated
Indiana,Jasper,33461,75.65196587,7.7,16.6741216,11.3327815,35.7,13.17912101,8.2,36.75695015,24839.0,13.0,6.4,high,under_populated
Indiana,Gibson,33684,77.22742374,11.0,16.50407789,11.62973568,29.1,13.19600743,5.6,32.46043503,25990.0,9.9,3.9,high,under_populated
Indiana,Steuben,34279,77.48657813,10.4,16.45855309,11.31649592,29.6,12.94375634,5.9,33.03277739,25497.0,11.5,5.9,high,over_populated
Indiana,Adams,34813,77.22026291,18.0,18.93698604,13.32932443,34.8,14.31020048,6.3,33.91897699,21173.0,15.8,5.5,high,over_populated
Indiana,Miami,36093,71.19719851,16.1,21.04936384,13.17541777,36.7,14.6441292,10.4,35.64292274,21940.0,14.9,8.9,high,over_populated
Indiana,Allen,365565,68.25714286,15.2,17.70571887,12.09434062,32.3,13.95682939,25.1,30.98714785,26058.0,10.8,7.0,high,extremely_populated
Indiana,Lake,489698,69.62041017,17.6,21.06261444,14.07184185,35.5,13.85298381,45.4,38.61434172,25483.0,12.4,9.6,high,extremely_populated
Indiana,Marion,932142,53.97322191,20.5,19.04312284,12.52649653,32.5,13.62381935,42.7,35.40824336,25208.0,14.3,9.0,high,extremely_populated
Iowa,Adams,3822,77.3308958,9.8,12.48481871,9.219160783,29.9,10.82112687,3.2,27.13089361,26991.0,7.5,3.1,high,under_populated
Iowa,Ringgold,5054,77.26589885,11.0,13.09725338,9.658904338,32.7,11.3679796,3.8,26.92177592,26175.0,9.2,5.3,high,under_populated
Iowa,Audubon,5793,77.6989167,11.6,12.98156293,9.416332165,30.1,11.06782138,2.8,27.32855661,30085.0,10.4,2.8,high,under_populated
Iowa,Hamilton,15227,72.85827395,10.8,12.40265343,8.936985537,33.1,10.61585769,9.8,27.91061937,28076.0,7.8,3.0,high,under_populated
Iowa,Page,15552,72.46560177,14.9,15.29004873,9.785163659,44.2,11.4135788,8.2,28.20130799,25461.0,11.6,4.3,high,under_populated
Iowa,Madison,15661,78.50689491,6.8,11.38298428,8.636251947,36.8,10.27345108,3.6,27.57878273,29430.0,5.6,4.8,high,under_populated
Iowa,Floyd,16004,72.21482468,14.1,14.49576909,10.26178443,40.7,11.84407971,6.8,27.86548146,26929.0,11.0,3.5,high,under_populated
Iowa,Iowa,16326,78.10337211,9.8,12.05364331,9.092241062,31.5,10.49839731,4.2,26.03780749,28640.0,7.9,1.8,high,under_populated
Iowa,Scott,171116,69.46512495,12.2,14.55430219,9.863424142,33.1,10.94906034,19.0,28.35142818,30037.0,7.0,4.9,high,extremely_populated
Iowa,Linn,218076,74.3950917,9.4,11.82260187,8.630683321,34.4,10.62281162,12.3,27.2527713,31854.0,5.4,4.2,high,extremely_populated
Iowa,Polk,459159,67.17223664,12.4,13.38016011,9.102738385,31.9,10.84976316,20.9,30.11557275,32232.0,8.3,5.2,high,extremely_populated
Kansas,Greeley,1235,62.14574899,7.1,17.82984442,10.87049976,28.3,11.44611955,23.7,28.24305668,26040.0,11.7,1.2,low,under_populated
Kansas,Wallace,1584,77.72511848,10.2,13.80331246,9.590545326,26.1,10.56295206,5.6,27.90503868,28875.0,10.2,6.6,high,under_populated
Kansas,Lane,1687,77.12833545,8.9,16.24392489,10.39061083,31.0,11.46042989,6.3,28.47066163,31329.0,6.9,3.6,low,under_populated
Kansas,Pawnee,6840,68.06554756,7.3,15.54549716,9.853616326,36.7,10.8913763,15.2,31.28888858,25193.0,10.7,1.2,high,under_populated
Kansas,Wabaunsee,6960,85.34012368,6.7,12.45609882,9.119086656,33.0,10.18053143,6.9,28.02247933,25194.0,5.6,4.7,high,under_populated
Kansas,Russell,6988,80.69822088,13.0,15.92634214,10.58173573,33.2,11.65155435,6.8,27.9367693,24181.0,9.7,6.5,low,under_populated
Kansas,Kingman,7697,78.7447428,8.8,13.39138953,9.272425165,31.5,10.26273984,5.8,29.55262492,28911.0,8.3,5.5,high,under_populated
Kansas,Grant,7748,78.04783951,11.3,17.53502854,10.24149599,31.6,10.38102491,47.2,29.8040847,24173.0,29.7,5.0,high,under_populated
Kansas,Shawnee,178567,64.80136634,14.5,16.94550031,10.53230324,36.7,11.36453933,25.2,30.40024075,27534.0,8.9,6.0,high,extremely_populated
Kansas,Sedgwick,508221,63.62990923,15.0,16.07741611,10.88620573,33.6,12.46409865,31.0,33.64660873,26672.0,11.0,6.0,high,extremely_populated
Kansas,Johnson,572428,69.12377012,6.0,9.271984485,7.15045519,27.1,8.704632032,19.1,25.11579406,41415.0,4.2,4.1,high,extremely_populated
Kentucky,Robertson,2191,78.8248337,24.4,24.90134307,16.84067061,26.9,16.85287885,3.7,37.21581887,22702.0,25.1,5.8,low,under_populated
Kentucky,Owsley,4552,69.77163462,37.1,26.61317772,17.69093039,46.3,17.61139559,6.0,39.8037822,16533.0,29.8,8.4,low,under_populated
Kentucky,Hickman,4691,80.91644205,16.8,25.04504947,16.65075064,29.6,16.73743256,12.6,37.84792163,18416.0,24.8,7.2,low,under_populated
Kentucky,Hart,18510,73.47832034,24.2,23.94125556,16.40231911,30.7,16.19105588,8.2,39.05723728,19566.0,25.4,6.9,low,under_populated
Kentucky,Harrison,18629,69.25444118,19.0,20.4422572,14.0928657,35.8,14.51209158,6.1,37.58543234,22024.0,17.8,6.9,low,under_populated
Kentucky,Adair,19156,76.25356125,23.3,22.84861407,15.6587549,40.9,15.91986064,6.5,36.40911143,18463.0,24.0,5.8,low,under_populated
Kentucky,Marion,19497,72.7492285,19.1,23.56897566,15.63252819,36.9,15.59065986,12.2,37.6611984,20450.0,19.3,8.7,low,under_populated
Kentucky,Breckinridge,20000,78.48859935,17.1,21.57243153,14.50365611,24.6,14.87002118,5.3,38.09536925,19984.0,20.3,10.3,low,under_populated
Kentucky,Kenton,163393,65.76681516,13.6,15.9736822,12.27072926,33.2,13.11730818,10.9,34.86044079,28785.0,10.7,6.5,very high,extremely_populated
Kentucky,Fayette,311529,54.47882863,18.9,17.52916931,12.98015066,26.7,13.73683891,27.9,38.26613539,30502.0,10.1,6.4,high,extremely_populated
Kentucky,Jefferson,759724,61.65900786,16.0,20.807404,13.36995017,32.2,13.27608129,30.9,35.94467663,29758.0,10.7,7.2,high,extremely_populated
Louisiana,Tensas,4793,66.1369863,33.8,34.95535372,21.36628115,30.7,21.0132251,57.9,42.16385354,16171.0,23.3,15.0,low,under_populated
Louisiana,Cameron,6739,86.97571744,8.9,16.82358723,12.59045279,35.1,13.99342268,7.3,32.16143619,31007.0,16.5,3.5,high,under_populated
Louisiana,East Carroll,7419,48.76915931,48.7,37.46227657,22.02086334,40.0,20.59838651,73.3,44.88739646,11133.0,29.6,11.5,low,under_populated
Louisiana,Jefferson Davis,31399,71.58507956,19.6,19.51182756,14.17662071,40.8,15.62915563,21.5,33.39793557,22665.0,21.0,8.5,high,under_populated
Louisiana,Iberville,33159,74.09782011,18.5,21.56592166,14.25280554,38.1,14.89470575,52.3,38.20699371,22397.0,22.6,7.2,high,under_populated
Louisiana,Evangeline,33765,65.76217741,28.0,24.98864985,16.65449766,39.3,17.1912351,32.6,37.82812846,18440.0,28.7,11.2,high,under_populated
Louisiana,Beauregard,36435,77.74415614,19.0,19.8806091,14.25085225,36.1,14.90582922,20.2,34.1964737,23141.0,15.5,7.0,high,under_populated
Louisiana,Natchitoches,39258,45.00341764,29.8,26.00375773,16.83260715,36.4,17.52536443,46.9,38.34861495,19178.0,16.5,12.1,high,under_populated
Louisiana,Orleans,382922,47.41553923,26.2,21.19276632,14.46690414,29.6,15.65301515,69.4,40.51621318,28444.0,14.3,9.8,high,extremely_populated
Louisiana,Jefferson,435204,61.48968294,16.1,20.21275946,13.53949771,33.4,13.83547521,45.9,37.49258953,28067.0,15.3,6.4,high,extremely_populated
Louisiana,East Baton Rouge,445337,58.89031512,19.5,19.9904705,13.77897727,31.9,14.94312736,54.5,35.46900377,29146.0,9.8,7.0,high,extremely_populated
Maine,Piscataquis,17044,75.58787549,20.6,15.24438697,11.98839219,36.6,14.02062461,4.5,34.35222885,22398.0,10.3,10.0,high,under_populated
Maine,Franklin,30270,79.17407125,14.1,14.0570048,11.40157277,34.1,12.906374,4.1,33.11375148,23596.0,7.6,6.9,high,under_populated
Maine,Washington,31925,76.43053745,18.0,17.62785565,12.71690673,32.6,14.36563944,9.8,34.15415381,23113.0,12.0,8.6,high,under_populated
Maine,Knox,39717,76.87689438,11.9,11.17356336,9.450509011,27.2,11.78460378,4.3,29.27761479,28413.0,6.9,5.6,high,over_populated
Maine,Somerset,51363,75.78135885,18.0,15.73655733,11.76666512,33.9,13.68109,3.9,35.41922026,21961.0,12.0,9.2,high,under_populated
Maine,Hancock,54483,75.37639425,12.1,12.96677119,10.58053742,24.9,12.33923762,4.7,30.58869611,30042.0,6.2,6.4,high,under_populated
Maine,Oxford,57299,80.50831171,16.7,13.64768876,10.86214593,33.2,13.29292757,4.3,31.92171382,21674.0,8.5,7.4,high,under_populated
Maine,Aroostook,69405,71.72541744,17.7,17.49279448,12.40331286,35.9,13.58487956,5.4,33.73995639,22483.0,12.6,6.2,low,under_populated
Maine,Penobscot,152978,69.70184157,16.3,15.21209102,11.60299059,33.7,13.74109061,5.8,33.40797455,25035.0,8.8,7.3,high,under_populated
Maine,York,200536,74.24747188,9.4,12.72386155,9.842572434,30.2,11.43797772,5.2,31.93398334,31574.0,7.6,5.1,high,extremely_populated
Maine,Cumberland,288204,68.74128152,11.1,9.004808874,9.086342489,23.3,11.36118983,9.1,28.98639574,35066.0,5.5,4.6,high,extremely_populated
Maryland,Kent,19819,69.25410872,12.0,13.09863954,10.1470135,29.7,12.43932372,21.8,29.83643471,30080.0,12.7,5.6,low,under_populated
Maryland,Somerset,25899,64.96480973,25.1,19.07214352,12.51714971,44.4,14.14171604,48.4,37.08055127,17143.0,20.8,8.4,low,average_populated
Maryland,Garrett,29677,78.01706287,12.7,13.86312504,10.68710126,37.2,12.78206175,3.2,31.71433783,25096.0,11.5,5.6,high,under_populated
Maryland,Wicomico,101527,59.17315408,16.3,15.30742338,11.32575703,36.1,13.13118559,35.6,33.49952887,26498.0,11.4,7.7,high,extremely_populated
Maryland,Cecil,102175,72.77010561,10.6,14.38886592,10.1873737,32.6,12.2530573,14.0,35.97311139,30676.0,11.9,6.6,high,extremely_populated
Maryland,St. Mary's,110675,70.82465536,7.8,12.99360432,9.350747414,36.4,10.96496716,24.5,33.29994332,36814.0,10.1,4.4,high,extremely_populated
Maryland,Washington,149571,65.42675068,12.9,15.82722887,10.51865111,36.3,12.20123116,19.0,31.43569948,27586.0,13.1,7.5,high,extremely_populated
Maryland,Charles,154357,76.49678908,7.7,14.05230046,9.721737457,36.2,11.23947582,55.7,40.91082713,37680.0,7.2,5.0,high,extremely_populated
Maryland,Baltimore,825666,65.71826674,9.3,13.81320222,9.776187562,30.9,11.6921232,40.4,34.08227245,35777.0,9.0,6.0,high,extremely_populated
Maryland,Prince George's,897693,62.02448446,9.7,14.7562749,9.908545903,37.3,10.94372897,86.4,41.79546818,33220.0,14.2,8.0,low,extremely_populated
Maryland,Montgomery,1000000,65.43634041,6.9,10.90777054,7.702180728,21.2,9.527428703,54.1,31.92853321,49906.0,8.8,5.8,low,extremely_populated
Massachusetts,Nantucket,10694,69.2101021,10.3,12.57402351,9.900014395,24.9,11.40017754,25.1,32.26941784,46009.0,5.3,3.4,high,extremely_populated
Massachusetts,Dukes,17137,77.43050102,9.1,11.05661153,9.314132494,26.8,11.1001364,13.1,29.03329074,40051.0,7.2,4.3,high,extremely_populated
Massachusetts,Franklin,70916,69.33526774,11.3,12.49670071,10.5543999,28.8,11.90385703,8.6,32.78830368,31689.0,7.2,6.1,high,over_populated
Massachusetts,Barnstable,214703,79.53060705,8.2,10.04082735,9.311371947,21.4,11.36887008,9.4,29.65199945,39104.0,4.6,6.3,high,extremely_populated
Massachusetts,Hampden,468072,60.84460158,17.6,18.34808066,12.6563744,31.2,13.87791923,35.2,34.24974095,27057.0,14.6,8.8,high,extremely_populated
Massachusetts,Plymouth,506657,75.94065677,8.0,12.6049519,9.696744203,28.2,10.97577676,17.3,36.88012484,37188.0,7.5,6.9,high,extremely_populated
Massachusetts,Bristol,554868,62.49572981,12.5,14.34273831,10.93386591,29.1,12.40026455,16.3,35.98989361,30525.0,16.3,8.1,high,extremely_populated
Massachusetts,Norfolk,691218,69.17560548,6.7,11.76485133,8.931628729,23.2,10.60538694,22.5,30.84232346,47306.0,6.1,6.3,high,extremely_populated
Massachusetts,Essex,769362,64.08448057,11.3,13.39528422,10.14081042,24.8,11.03110694,27.1,34.22701307,37210.0,10.7,7.0,high,extremely_populated
Massachusetts,Worcester,813589,64.98044218,11.4,13.8356128,10.94773102,27.0,12.3306091,21.5,34.47867287,33272.0,10.0,6.7,high,extremely_populated
Massachusetts,Middlesex,1000000,62.39883873,8.2,10.84416686,8.890065582,22.1,10.07568594,25.9,30.86640618,45579.0,7.4,5.4,high,extremely_populated
Michigan,Keweenaw,2195,88.43663275,17.0,14.66594135,12.13192038,28.5,13.67801287,2.3,33.00835911,26328.0,5.6,6.6,low,under_populated
Michigan,Ontonagon,6165,88.14325452,15.2,16.11003752,12.59940421,30.3,14.00400321,4.5,34.66265311,22428.0,8.3,12.0,low,under_populated
Michigan,Luce,6451,81.14155251,21.0,17.86690368,13.15771979,30.7,13.80279773,21.5,36.42188302,18444.0,11.2,13.4,high,under_populated
Michigan,Delta,36570,79.47206721,16.6,15.79692618,12.24227509,35.8,13.8277258,6.5,37.42479355,24182.0,7.4,7.5,high,under_populated
Michigan,Chippewa,38330,69.20831554,17.7,18.50366608,13.62202641,40.5,14.33949186,29.6,37.24898289,20839.0,10.5,10.1,high,under_populated
Michigan,Gratiot,41676,72.75482638,19.0,16.52499642,13.213834,37.8,13.92884845,13.2,38.37604147,20358.0,10.4,8.0,high,under_populated
Michigan,Sanilac,41761,79.79509867,15.7,14.3470916,12.05017022,32.6,13.30763598,5.8,35.02783485,22510.0,12.1,9.2,high,under_populated
Michigan,Mecosta,43259,73.29423635,22.6,16.30559346,13.17354704,34.0,14.36660703,8.4,36.69697459,20690.0,10.7,10.7,high,under_populated
Michigan,Macomb,859703,72.98103565,12.0,16.1560361,12.13362418,32.1,13.12003271,19.1,36.5082,28588.0,10.8,7.5,high,extremely_populated
Michigan,Oakland,1000000,70.79060767,9.6,12.03386529,9.264514242,24.7,10.97420548,26.8,32.30429587,38992.0,6.5,6.3,high,extremely_populated
Michigan,Wayne,1000000,62.01227632,24.5,19.13628497,13.78723352,34.7,14.62905095,50.3,41.50718314,23666.0,14.9,13.0,high,extremely_populated
Minnesota,Traverse,3397,79.7979798,9.2,12.33094466,9.360663431,32.6,10.22235739,9.0,27.60860983,30992.0,9.3,4.4,high,under_populated
Minnesota,Lake of the Woods,3901,81.32492114,8.1,12.34221792,9.150477048,29.2,10.22581498,6.0,29.61514336,23234.0,10.3,3.9,high,under_populated
Minnesota,Red Lake,4042,83.85570668,10.4,11.45289773,8.702392121,36.7,9.768411893,7.1,28.18883368,25732.0,7.9,4.0,high,under_populated
Minnesota,Wabasha,21327,80.94107002,6.6,10.61507873,8.28228782,36.5,9.470642936,5.1,27.59306848,31464.0,6.8,3.4,high,under_populated
Minnesota,Nobles,21729,71.280233,14.1,16.16257027,9.984969681,33.4,10.26797771,38.8,31.10660961,24188.0,22.7,7.0,high,under_populated
Minnesota,Meeker,23094,79.15351975,9.4,11.20997732,8.823620086,32.9,9.673945747,5.3,26.06282498,27974.0,8.0,3.9,high,under_populated
Minnesota,Todd,24335,81.88192257,13.5,12.93458312,9.972713751,37.1,10.52696388,8.1,30.50349868,24410.0,12.2,4.3,high,under_populated
Minnesota,Brown,25327,77.72807753,8.0,11.33078596,8.396445106,32.7,9.385704987,5.7,28.34987794,28444.0,8.9,2.7,high,under_populated
Minnesota,Dakota,411402,74.32748027,7.2,9.988492413,8.404103455,28.5,8.931345344,19.7,29.58343293,37266.0,5.3,4.4,high,extremely_populated
Minnesota,Ramsey,531528,59.29525659,15.9,12.77793896,9.323281812,26.2,10.65517495,36.0,28.11367009,31256.0,9.7,6.5,high,extremely_populated
Minnesota,Hennepin,1000000,62.41389858,11.9,10.45592984,7.817165365,22.6,9.049514849,29.9,27.95828194,39939.0,7.2,5.1,high,extremely_populated
Mississippi,Issaquena,1352,45.8677686,40.4,35.33285206,19.51957127,27.1,17.84287071,60.8,40.19539798,17282.0,33.5,10.7,low,under_populated
Mississippi,Sharkey,4662,66.32478633,31.4,33.15246063,18.09972026,49.8,17.08430241,74.5,39.70505187,15430.0,25.3,23.2,very low,under_populated
Mississippi,Jefferson,7528,66.75889328,39.7,37.47036909,20.58502203,53.7,18.79008205,86.8,42.48164558,13703.0,21.5,11.9,very low,under_populated
Mississippi,Tippah,22061,72.94250282,23.5,23.15908902,14.53822212,40.0,14.60790461,22.5,32.0458113,19453.0,22.8,10.6,low,under_populated
Mississippi,Leake,23011,72.30656219,27.1,26.45276238,15.32640741,40.4,15.14046658,52.3,35.37528256,18178.0,23.3,9.9,low,under_populated
Mississippi,George,23313,83.52349905,17.9,18.89322794,12.11149138,38.8,12.78113425,12.1,30.99671838,20640.0,19.7,8.8,high,under_populated
Mississippi,Itawamba,23511,77.80840799,20.2,21.00735087,13.47401976,33.7,13.97049242,9.1,31.47329069,19707.0,24.2,7.2,low,under_populated
Mississippi,Coahoma,24804,51.96706313,35.2,34.90213956,18.6086037,42.4,17.56367806,78.0,40.83315798,16066.0,22.5,21.1,low,under_populated
Mississippi,DeSoto,170890,73.6863301,10.0,17.53926756,11.66628346,35.3,12.01347288,32.6,31.81753407,27135.0,10.8,6.7,low,extremely_populated
Mississippi,Harrison,198570,56.01612924,21.0,20.98271876,13.38983068,33.9,13.86795337,35.1,35.61700759,22517.0,13.6,9.6,high,extremely_populated
Mississippi,Hinds,244596,58.42849896,25.5,21.01456118,13.48621805,37.2,14.14128729,74.3,38.38539502,21672.0,13.7,10.5,low,extremely_populated
Missouri,Worth,2061,76.75233645,13.1,18.49800403,13.4858391,25.4,13.85249264,3.8,31.82586054,23292.0,10.9,4.2,high,under_populated
Missouri,Mercer,3702,76.6214178,14.6,19.81889207,13.95376958,24.1,14.37176075,3.6,32.55855297,20701.0,11.2,4.6,high,under_populated
Missouri,Knox,3997,79.97390737,20.1,20.38031837,14.10872314,35.1,14.42165141,3.5,31.66940958,21471.0,13.8,6.1,high,under_populated
Missouri,Wright,18378,69.37739989,25.3,23.87831909,16.95777521,29.2,16.81890513,4.5,32.76657072,18502.0,20.7,9.1,low,under_populated
Missouri,Pike,18475,70.73684211,15.2,20.45145448,13.67138914,37.2,13.72794538,11.6,33.27154186,19900.0,19.6,5.6,high,under_populated
Missouri,Benton,18825,83.12570781,19.3,20.32595055,14.52655903,33.5,14.61788588,4.7,33.51061485,19487.0,14.8,9.8,low,under_populated
Missouri,Perry,19152,74.55621302,7.9,17.6311203,12.62861288,37.4,13.10439203,4.3,32.4434078,24658.0,12.5,4.3,high,under_populated
Missouri,Morgan,20182,77.64023211,24.2,21.81167339,15.30915573,35.1,15.44638027,5.4,32.67495666,19555.0,22.2,9.5,low,under_populated
Missouri,Jackson,683643,58.45400544,17.2,16.76643134,12.85355309,32.1,13.52978665,37.3,36.76315601,27665.0,10.2,6.7,high,extremely_populated
Missouri,St. Louis,1000000,68.98081264,10.3,16.378972,11.3265971,27.9,12.36757652,32.6,31.83509049,36518.0,7.0,6.7,high,extremely_populated
Missouri,Kansas City,1000000,62.92853712,13.92253897,16.40207696,12.30648488,32.58180441,12.96491737,29.12614197,35.49610274,29129.56243,8.87753272,6.115614174,high,extremely_populated
Montana,Petroleum,445,67.37967914,15.5,12.73508144,10.5321808,27.0,11.51790605,0.0,27.01078402,26822.0,2.2,3.9,high,under_populated
Montana,Golden Valley,730,74.48071217,16.3,14.55901869,11.48982682,26.2,12.50094988,9.7,26.93387197,25714.0,6.6,2.5,high,under_populated
Montana,Treasure,846,67.39726027,19.1,15.03631544,11.61573063,33.0,12.32127,8.5,26.78504989,21255.0,7.8,0.0,high,under_populated
Montana,Blaine,6609,58.87931035,28.6,23.11308311,16.17540119,39.1,15.94497881,53.3,31.18426786,17080.0,10.6,14.2,high,under_populated
Montana,Powell,6928,68.42546064,10.5,14.97353277,11.41937779,31.6,11.60906904,9.6,27.37648881,23620.0,11.4,1.5,high,under_populated
Montana,Valley,7576,76.25145518,9.6,14.31509615,11.01212239,30.6,11.83109771,14.7,26.75855253,27820.0,6.5,4.6,high,under_populated
Montana,Madison,7810,74.49008906,11.3,11.88886242,9.95311351,24.1,10.69754144,5.7,25.91451267,30030.0,5.5,4.1,high,under_populated
Montana,Deer Lodge,9176,68.61219196,20.8,17.6883458,13.02427255,28.7,13.05353738,9.3,27.2881095,23192.0,10.5,3.7,high,under_populated
Montana,Gallatin,97958,61.28617363,13.5,11.24050998,9.631014651,17.0,10.64112363,7.4,23.77320526,31909.0,3.2,5.3,very high,under_populated
Montana,Missoula,113101,58.74135945,16.1,13.92346786,11.32866214,22.2,11.97593313,9.9,27.42788165,27956.0,5.0,7.0,very high,under_populated
Montana,Yellowstone,155344,68.31680123,10.4,13.05681468,10.76454604,26.8,11.60308847,12.7,29.65478616,30519.0,6.9,3.7,high,under_populated
Nebraska,McPherson,425,68.4729064,18.4,13.60959729,9.661785188,26.8,10.84684009,2.8,27.10243854,25352.0,6.5,0.0,high,under_populated
Nebraska,Arthur,437,67.87564767,8.0,13.97526135,9.85141661,34.5,10.93174942,2.5,28.02934631,21174.0,5.0,3.7,high,under_populated
Nebraska,Loup,542,83.87096774,10.0,12.5382626,9.124102386,30.6,10.21331836,2.0,26.39171025,28063.0,2.7,0.3,high,under_populated
Nebraska,Dixon,5809,78.49415837,11.9,12.5200266,8.986619973,35.9,10.14581983,13.9,28.75299198,24983.0,11.5,3.4,high,under_populated
Nebraska,Stanton,6022,83.02904564,9.5,14.7380168,9.711474501,38.1,10.56663173,7.7,29.15629295,29282.0,8.1,3.3,high,under_populated
Nebraska,Clay,6313,78.63247863,9.9,13.40948643,9.883953834,35.2,10.71543034,10.7,27.91988768,25472.0,10.4,2.8,high,under_populated
Nebraska,Howard,6365,77.38450075,9.5,12.33605153,9.223847071,37.3,10.18191807,4.2,28.58253451,28301.0,7.6,3.3,high,under_populated
Nebraska,Antelope,6421,77.15887851,11.8,13.62217529,9.803777701,32.5,10.90229099,4.6,25.39353441,27048.0,9.0,1.8,high,under_populated
Nebraska,Sarpy,172460,69.10600354,6.2,10.59367362,8.221269834,32.6,9.555054824,17.7,31.3239391,31906.0,4.6,3.7,high,extremely_populated
Nebraska,Lancaster,301707,60.02560214,14.3,13.61597829,9.544347199,28.7,10.03465337,17.3,26.62033356,28600.0,6.6,4.4,very high,extremely_populated
Nebraska,Douglas,543253,61.47450959,14.2,14.52861885,10.21822991,30.1,11.14953038,29.4,30.54084008,30548.0,10.6,4.9,high,extremely_populated
Nevada,Esmeralda,1069,58.14977974,11.9,22.36804386,14.57157849,27.5,14.77412874,15.2,35.58364538,22415.0,10.8,11.4,high,under_populated
Nevada,Eureka,1730,73.2,10.8,15.99065819,11.34818634,23.2,12.2607653,1.7,33.47445364,34031.0,8.4,3.8,high,under_populated
Nevada,Storey,3941,87.48435544,7.2,15.70571792,11.13272323,24.6,12.25773724,13.4,30.66294232,34967.0,6.0,4.1,high,under_populated
Nevada,Pershing,6690,73.61614071,16.4,19.55909836,12.07032175,34.8,12.07938355,33.8,35.55143616,17631.0,21.8,3.5,high,under_populated
Nevada,White Pine,9893,73.90195523,12.8,18.55038116,12.22869229,32.8,12.52855344,26.8,35.21575016,24186.0,16.2,7.9,high,under_populated
Nevada,Humboldt,17091,75.3149418,11.9,17.95349553,11.53645146,33.3,12.25556114,34.5,34.66507571,27580.0,17.6,7.7,high,under_populated
Nevada,Churchill,24148,65.75007638,16.3,17.09434547,12.37781833,32.4,13.28934962,25.5,36.70850365,23951.0,10.6,11.7,high,under_populated
Nevada,Nye,43198,70.98778659,17.2,19.12023206,13.00915595,33.5,13.89075082,22.7,34.78828702,23075.0,15.3,14.1,high,under_populated
Nevada,Carson City,54412,55.70099283,16.7,19.81926331,13.02803626,28.3,13.71823805,31.4,33.5165345,26553.0,12.7,9.5,high,extremely_populated
Nevada,Washoe,439914,58.03684021,15.0,15.86252765,11.77125301,23.3,12.65940842,35.8,31.71879344,29942.0,13.0,8.0,very high,under_populated
Nevada,Clark,1000000,53.13430232,15.0,19.2624033,12.21211248,25.5,12.14157488,55.0,39.24971151,26661.0,15.1,9.6,high,extremely_populated
New Hampshire,Sullivan,43051,73.13979707,9.0,13.01803767,10.36377499,33.4,12.66339723,4.5,30.9820826,30552.0,9.6,4.5,high,average_populated
New Hampshire,Merrimack,147715,71.56786474,8.6,10.92609133,9.311381724,27.6,11.18377575,6.6,30.97344779,32848.0,6.9,4.8,high,extremely_populated
New Hampshire,Rockingham,300365,77.05310994,5.1,9.280183544,8.649357367,26.6,10.81718987,6.6,29.39781371,41449.0,5.2,4.9,high,extremely_populated
New Hampshire,Hillsborough,404948,65.95414573,8.6,12.12360931,9.968759274,28.0,11.30448695,13.9,33.16710647,36012.0,8.4,5.2,high,extremely_populated
New Hampshire,Strafford,125913,66.29933262,10.1,14.28095424,10.89458727,29.8,12.38753733,8.4,32.95437749,30598.0,7.7,5.5,high,extremely_populated
New Hampshire,Coos,32219,70.91107872,13.3,14.85892909,11.2551217,33.6,12.38727352,4.7,35.58625533,25467.0,12.1,6.7,high,under_populated
New Hampshire,Cheshire,76320,69.82090438,10.9,12.8603032,10.52092997,30.0,12.22333519,5.4,31.98049623,30935.0,7.3,5.0,high,over_populated
New Hampshire,Carroll,47416,79.38300902,10.1,12.58488768,10.56663358,27.2,12.26369032,3.8,28.6862419,33481.0,6.7,5.1,high,under_populated
New Hampshire,Belknap,60392,76.91095032,10.3,12.06237751,10.39678516,28.6,11.59198207,4.8,29.3729846,32501.0,8.3,5.1,high,extremely_populated
New Hampshire,Grafton,89164,68.98020258,11.7,11.73241985,10.52240802,23.6,12.21334677,8.6,30.39053843,33964.0,7.8,4.6,high,under_populated
New Jersey,Salem,64504,70.49104902,13.8,19.15770089,13.06250454,36.5,14.10827543,24.5,38.18876847,30295.0,13.4,9.4,high,extremely_populated
New Jersey,Cape May,95404,77.5862069,10.4,17.64806047,11.59430207,28.7,12.93017912,14.2,33.61316182,34550.0,9.9,9.2,high,extremely_populated
New Jersey,Warren,107095,71.8814994,7.9,14.50176525,10.31903261,29.6,12.28385999,16.5,36.9609744,35386.0,9.6,8.3,high,extremely_populated
New Jersey,Somerset,331686,75.63326838,5.2,12.16998825,8.330990998,22.2,10.4780039,41.5,37.08831644,50034.0,5.9,5.4,low,extremely_populated
New Jersey,Mercer,371101,63.85776874,11.2,14.95828889,10.15301807,25.8,11.55206412,48.3,36.56854043,38652.0,12.3,8.6,high,extremely_populated
New Jersey,Burlington,450236,75.74503311,6.5,14.399465,9.908485064,29.3,11.8309416,31.3,37.39000879,38137.0,7.1,7.9,high,extremely_populated
New Jersey,Morris,498215,74.4073943,4.6,12.82646835,8.458503871,21.3,10.29089561,27.5,33.31275098,51182.0,6.0,5.6,high,extremely_populated
New Jersey,Passaic,507204,52.95289302,16.8,24.00583986,12.36159789,27.3,13.20082921,57.4,37.40155376,28661.0,17.5,7.0,high,extremely_populated
New Jersey,Essex,792586,44.20251892,17.2,18.70506552,11.72597253,29.1,12.26294631,68.5,44.13243905,33482.0,15.3,12.1,high,extremely_populated
New Jersey,Middlesex,831852,63.33232456,8.9,14.47957386,9.469772976,25.9,10.81384786,54.7,39.67185181,35209.0,11.0,7.0,high,extremely_populated
New Jersey,Bergen,930310,64.41438112,7.5,14.47195091,9.27295796,22.3,10.32932375,41.3,38.42541226,44978.0,8.0,5.8,high,extremely_populated
New Mexico,Harding,565,62.55924171,14.3,19.8459859,13.07653972,24.9,13.36516889,42.3,29.16717883,23339.0,11.0,6.0,low,under_populated
New Mexico,De Baca,1977,66.38297872,20.0,21.43281001,14.13431341,37.3,14.47777703,53.0,30.21481319,28232.0,14.1,6.6,low,under_populated
New Mexico,Catron,3547,92.3968139,22.9,16.33226741,12.50489713,25.5,13.57098499,21.4,27.45848758,20762.0,7.7,4.0,low,under_populated
New Mexico,Lincoln,19726,76.99296225,18.0,17.98039275,12.3263721,23.2,13.23878014,36.1,27.16526447,25230.0,10.5,6.7,low,under_populated
New Mexico,Luna,24627,60.49861496,29.5,26.68347898,17.39234606,32.5,15.90279472,68.0,30.67014789,15650.0,30.7,14.1,low,under_populated
New Mexico,Cibola,27373,69.79527911,27.4,27.81915578,17.64215145,30.9,17.11707102,79.7,34.16381444,16885.0,19.9,16.3,high,under_populated
New Mexico,San Miguel,28350,71.20970599,30.1,28.65926541,16.55528098,29.1,15.34910303,81.7,35.37332616,16990.0,18.2,4.9,low,under_populated
New Mexico,Grant,28879,70.28242939,21.5,20.33595954,13.10356098,27.4,13.17347616,53.0,31.45584575,24882.0,14.0,9.3,low,under_populated
New Mexico,Santa Fe,147320,70.30917188,15.6,16.88914766,12.26889692,14.4,12.32980753,56.9,26.31076895,34176.0,11.7,6.7,high,under_populated
New Mexico,Dona Ana,213825,61.80909713,27.6,25.12196246,15.35103624,28.4,14.76177635,71.5,31.29768814,20143.0,21.0,10.6,high,under_populated
New Mexico,Bernalillo,674777,62.82725469,18.7,18.2156842,12.68356467,23.4,13.79931401,60.1,31.14990321,27402.0,11.9,7.3,high,extremely_populated
New York,Hamilton,4697,85.67615658,11.3,13.87472855,10.50060064,29.7,12.35603038,4.6,26.93818331,27371.0,13.7,9.2,high,under_populated
New York,Schuyler,18336,77.8203724,14.6,15.25177484,11.23584216,32.2,12.97596979,4.7,35.1313919,25004.0,10.0,7.3,high,under_populated
New York,Yates,25106,79.21142984,13.9,14.67449208,10.91306233,29.5,12.75130853,4.7,28.72441405,26001.0,14.8,7.2,high,under_populated
New York,Chemung,87742,67.92831583,15.9,14.74862208,10.80444325,36.0,12.55554114,13.4,36.54554528,26196.0,9.8,5.6,high,extremely_populated
New York,Wayne,91874,75.94510191,11.9,15.4466836,10.54313065,36.3,12.03411008,9.6,36.19293679,26209.0,10.0,7.0,high,extremely_populated
New York,Steuben,98151,71.77413334,15.1,15.95104426,11.06623676,33.7,12.76728672,6.1,34.85211222,26830.0,10.4,7.6,high,under_populated
New York,Putnam,99408,82.41168537,5.2,11.98060452,8.940734474,23.2,10.54668026,19.2,29.77340898,41993.0,7.3,6.2,high,extremely_populated
New York,Tompkins,104268,55.30437878,20.1,13.56594945,10.70828982,22.7,12.65669979,22.2,31.8031075,28888.0,5.5,5.4,high,extremely_populated
New York,Queens,1000000,44.62574785,14.6,18.51035865,10.57888267,23.3,10.82165525,74.4,39.18779715,27631.0,19.3,7.8,high,extremely_populated
New York,Kings,1000000,30.00769833,22.7,18.13073202,11.16858119,22.6,12.15432856,64.2,41.24733149,28134.0,20.0,9.0,high,extremely_populated
New York,New York City,1000000,38.34889811,20.27961716,17.48272541,11.06470475,21.51652914,11.72353348,67.75064509,38.55668083,34099.49507,19.45275022,8.738276648,high,extremely_populated
North Carolina,Tyrrell,4128,71.7964439,25.3,23.02357292,15.07778419,43.3,14.43306351,48.0,36.96125143,17042.0,27.0,12.9,low,under_populated
North Carolina,Hyde,5629,68.06105144,22.4,18.72912883,12.66969053,36.4,12.52668009,39.0,35.14716589,18770.0,19.4,14.3,low,under_populated
North Carolina,Graham,8651,83.97201947,19.3,18.24160709,13.84887831,43.0,14.25337416,12.2,32.71153816,18783.0,21.0,9.5,low,under_populated
North Carolina,Halifax,52849,62.66811896,26.8,24.19346263,15.39056261,43.7,15.06983469,61.1,36.60708327,20134.0,23.2,11.6,low,under_populated
North Carolina,Edgecombe,54669,59.3654953,25.7,24.72576977,15.64535638,38.0,15.24041142,63.3,39.57285035,18009.0,22.6,12.5,low,over_populated
North Carolina,Pender,56358,80.49251126,18.7,16.82226705,12.18645546,30.6,12.59415918,25.5,32.35905869,24031.0,14.5,9.9,high,under_populated
North Carolina,Columbus,57015,71.91338653,23.0,21.97416485,14.43473314,46.2,14.28444809,40.1,38.23928478,21133.0,19.3,8.5,low,under_populated
North Carolina,Granville,58341,73.63290537,16.5,17.05486431,12.13700357,37.2,12.33687524,41.6,35.78493446,23563.0,18.4,6.9,high,over_populated
North Carolina,Guilford,511815,58.91994811,17.6,16.26130367,11.83589933,33.4,12.49483447,48.0,34.28200173,27531.0,11.6,7.6,high,extremely_populated
North Carolina,Wake,998576,63.90762565,10.8,13.39175989,10.0260105,25.1,10.78713431,39.1,31.65063244,35752.0,7.7,5.7,high,extremely_populated
North Carolina,Mecklenburg,1000000,56.47410704,14.2,15.35144379,11.3045594,28.0,11.88356949,51.5,32.35860752,34091.0,10.4,7.9,high,extremely_populated
North Dakota,Slope,665,81.45896657,10.1,12.43932278,8.324819258,27.1,9.461087256,6.8,27.35226002,36168.0,11.4,0.0,high,under_populated
North Dakota,Billings,936,73.24675325,11.0,12.11968477,8.094248897,29.5,8.877180895,5.2,28.43598869,40549.0,9.9,3.0,high,under_populated
North Dakota,Sheridan,1395,80.11611031,16.9,14.7373132,9.510738803,37.4,10.79936158,2.7,27.73493006,31244.0,13.1,3.9,high,under_populated
North Dakota,LaMoure,4111,74.84831771,9.6,13.61231585,8.76105122,31.5,9.851867925,2.5,25.58506303,36493.0,13.7,1.8,high,under_populated
North Dakota,Wells,4179,79.69387755,5.2,12.73521554,8.334290905,36.1,9.464936496,2.3,26.38369991,30260.0,15.2,2.2,high,under_populated
North Dakota,Dunn,4284,77.73058252,11.7,12.98727906,8.635007814,33.0,9.632468362,16.1,27.76981848,40102.0,9.0,3.8,high,under_populated
North Dakota,Pierce,4373,72.01858544,18.3,15.02771647,9.739498012,36.2,10.72854765,3.4,26.80870647,27926.0,11.7,1.6,high,under_populated
North Dakota,Sioux,4431,45.22522523,38.0,33.72828227,19.07687659,39.0,18.0028929,87.3,37.31058822,15338.0,14.3,19.7,high,under_populated
North Dakota,Grand Forks,69793,48.56859176,17.7,14.85710395,9.422635105,30.9,11.06270077,14.3,31.32283425,29376.0,6.3,3.5,very high,under_populated
North Dakota,Burleigh,90560,68.46183061,7.7,12.02678986,8.712254908,30.7,8.911788821,9.5,24.43247567,36093.0,6.6,2.2,high,under_populated
North Dakota,Cass,166852,52.83606226,11.8,13.46947229,8.892595631,31.2,9.762406028,12.1,26.62814232,32485.0,5.5,2.9,very high,over_populated
Ohio,Vinton,13128,74.46683624,21.3,20.24708028,13.99428759,36.7,15.1874586,3.1,37.41751342,19431.0,19.2,10.7,high,under_populated
Ohio,Noble,14429,83.99436279,11.9,15.79766822,11.53609192,38.9,12.94009102,8.6,36.68059619,21188.0,15.9,6.9,high,under_populated
Ohio,Monroe,14442,75.64339781,18.8,18.727972,12.95269735,37.0,14.36283514,2.5,36.28521707,22100.0,12.5,6.5,high,under_populated
Ohio,Seneca,55711,71.64234251,15.6,15.55995978,12.02453677,34.2,13.36690888,9.5,38.42177312,23900.0,9.2,6.8,high,over_populated
Ohio,Pickaway,56804,75.17741281,12.2,16.94431856,11.7104658,33.9,12.5693294,6.9,38.30255792,24779.0,12.9,6.0,high,over_populated
Ohio,Huron,58704,70.279965,12.9,17.75208948,12.26401975,38.4,13.44938931,9.2,38.11532581,23698.0,12.3,6.7,high,extremely_populated
Ohio,Sandusky,59870,71.35217724,13.2,18.1630745,12.18805959,34.6,13.16556775,14.8,34.6944556,24467.0,10.7,6.3,high,extremely_populated
Ohio,Knox,60878,71.68380463,15.6,15.43404865,11.36407049,30.8,13.02663991,4.4,33.52905626,23426.0,10.4,6.1,high,extremely_populated
Ohio,Hamilton,805965,57.7784249,17.8,18.29801466,12.66057524,29.1,14.08806337,33.6,38.85345385,31303.0,9.9,7.9,high,extremely_populated
Ohio,Franklin,1000000,53.4008187,17.1,16.55230393,11.89237488,29.9,13.71909247,34.9,36.86636859,30098.0,9.6,6.3,high,extremely_populated
Ohio,Cuyahoga,1000000,58.44900294,18.5,18.48035718,12.97722847,30.4,14.03196846,40.0,35.63295033,29143.0,11.5,9.7,high,extremely_populated
Oklahoma,Cimarron,2269,73.51129363,15.7,21.65583333,13.63661944,28.4,14.70259028,24.6,31.33644515,26309.0,15.5,2.0,low,under_populated
Oklahoma,Harmon,2813,72.9501268,16.0,22.21625937,13.37735287,31.8,14.11234598,40.1,32.75265466,21227.0,23.0,9.0,low,under_populated
Oklahoma,Roger Mills,3732,72.92899408,12.8,17.79278358,12.49686464,34.4,13.98885762,15.0,32.08604408,27869.0,8.1,1.5,low,under_populated
Oklahoma,Woodward,21111,71.15093039,12.8,16.4346019,11.4947972,29.8,12.50170586,19.0,32.58122736,27308.0,12.6,4.3,low,under_populated
Oklahoma,Texas,21499,65.11524164,13.4,23.65779077,13.15092985,31.8,13.34307358,53.6,33.87551589,22923.0,28.3,2.9,low,under_populated
Oklahoma,Adair,22161,68.57401188,30.1,28.54465175,18.64478665,47.7,18.90252817,58.9,39.48664479,16018.0,20.5,6.0,low,under_populated
Oklahoma,Beckham,23290,64.98280878,14.0,18.53666773,12.51862571,34.8,13.50453305,23.5,33.99519518,25269.0,15.5,3.3,low,under_populated
Oklahoma,Seminole,25403,69.58360442,22.8,23.99334014,15.21385316,34.1,16.29050593,34.5,34.83700432,19374.0,16.2,7.9,low,under_populated
Oklahoma,Cleveland,271818,64.00513357,12.5,15.51581038,11.67568938,34.6,13.07682704,26.6,33.13305668,28378.0,8.7,4.9,low,extremely_populated
Oklahoma,Tulsa,629823,59.02992324,15.9,16.63444396,12.01860178,31.2,14.54983936,36.4,31.81725009,28970.0,11.2,6.2,low,extremely_populated
Oklahoma,Oklahoma,764698,58.64880761,17.7,19.21280447,13.29981804,30.8,14.45857105,42.6,32.92549423,28059.0,13.6,5.6,low,extremely_populated
Oregon,Wheeler,1369,73.37367625,20.2,16.75764243,13.15234488,26.9,14.8461372,5.7,29.00949619,22723.0,8.4,10.5,low,under_populated
Oregon,Sherman,1705,64.67391304,17.7,13.55213021,11.0352044,28.6,13.07571321,11.7,29.14638343,32223.0,6.7,7.2,high,under_populated
Oregon,Gilliam,1913,63.3254717,11.2,13.85749511,11.36830141,35.8,13.29503144,13.4,28.96127442,23360.0,10.1,10.6,high,under_populated
Oregon,Malheur,30474,58.92681002,24.8,20.87213403,14.17246934,36.2,15.08953794,38.0,32.49738897,17150.0,19.9,9.6,high,under_populated
Oregon,Clatsop,37660,61.70961659,14.0,14.68538512,11.43232031,29.6,13.20936139,13.8,30.7191577,27071.0,8.1,6.9,high,under_populated
Oregon,Lincoln,46685,64.49076267,18.6,16.37081515,13.15351501,36.0,14.78410674,17.1,29.35920072,24593.0,10.7,6.6,high,under_populated
Oregon,Columbia,49645,74.17599503,13.4,13.5540601,10.78056055,30.6,12.92056014,10.6,32.71989698,27449.0,9.6,8.6,high,under_populated
Oregon,Coos,62944,64.79354354,18.1,16.32785302,12.74944691,38.6,14.50298003,14.4,30.01472796,24261.0,11.1,10.7,high,under_populated
Oregon,Clackamas,394967,70.53185467,9.2,11.78893142,10.1662412,28.5,12.1061858,16.8,28.71218259,35506.0,6.7,6.7,high,extremely_populated
Oregon,Washington,564088,61.13382015,11.1,12.22204583,9.685358836,29.8,11.38139196,32.3,30.16085495,33433.0,9.2,6.6,high,extremely_populated
Oregon,Multnomah,778193,54.17339611,17.1,14.78115376,10.61478456,23.6,13.53928091,28.9,30.0256715,33255.0,9.3,7.8,high,extremely_populated
Pennsylvania,Cameron,4807,72.89426523,12.7,15.95044048,11.96271553,25.0,13.46696103,3.0,33.25644837,25716.0,12.8,4.9,high,under_populated
Pennsylvania,Sullivan,6302,82.13891952,12.0,15.44635825,11.52745332,30.0,13.02915456,6.5,33.96298823,26154.0,11.0,8.9,high,under_populated
Pennsylvania,Forest,7493,85.89822195,12.7,18.09198572,11.89017003,34.3,12.35857958,40.5,35.7661033,13283.0,19.2,4.5,high,under_populated
Pennsylvania,Crawford,87027,72.99782932,14.5,16.08107981,12.28482964,37.1,13.91475533,4.8,33.12230558,23578.0,11.7,6.8,high,average_populated
Pennsylvania,Indiana,87491,70.31747905,17.8,17.2203629,12.52593813,33.1,13.85290116,6.0,34.59914286,23886.0,11.0,7.7,high,over_populated
Pennsylvania,Lawrence,88528,73.96428862,14.3,16.80487332,12.04265952,36.6,13.37108739,7.8,35.49916528,25614.0,10.5,6.5,high,extremely_populated
Pennsylvania,Northumberland,93590,70.89594194,14.6,18.43583152,12.44825485,40.2,14.13812144,6.8,37.23910509,23512.0,14.2,6.8,high,extremely_populated
Pennsylvania,Adams,101759,77.23668443,9.4,15.31565933,11.13009662,35.6,12.50774525,10.2,34.65674328,28515.0,12.2,5.5,high,extremely_populated
Pennsylvania,Montgomery,815876,71.80593026,6.6,11.75954019,9.454586216,25.5,11.32032185,22.9,33.42034832,42995.0,6.1,5.9,high,extremely_populated
Pennsylvania,Allegheny,1000000,64.72600193,12.7,12.73156789,10.02918225,28.1,11.83399245,20.6,36.4229018,33830.0,6.1,6.4,high,extremely_populated
Pennsylvania,Philadelphia,1000000,52.97724529,25.9,21.65549441,14.09964477,27.6,14.74882192,64.7,41.0117436,23696.0,17.4,12.5,high,extremely_populated
Rhode Island,Washington,126319,74.54134512,10.0,12.1841856,9.621470507,24.3,11.88620063,8.5,32.77442114,37692.0,6.5,6.6,high,extremely_populated
Rhode Island,Bristol,49228,69.64148724,7.1,11.42361335,9.223543406,23.2,11.95796894,6.9,30.53078975,40998.0,9.6,5.0,high,extremely_populated
Rhode Island,Newport,82714,62.04105972,9.2,12.05678837,10.0431936,25.3,11.64936374,13.8,31.09384773,42086.0,6.9,6.5,high,extremely_populated
Rhode Island,Kent,164886,69.87491465,8.2,14.33040384,10.69697269,29.8,14.06280356,10.1,34.78919535,35323.0,8.6,7.3,high,extremely_populated
Rhode Island,Providence,631344,53.48845997,17.2,17.30625796,12.34394701,29.1,13.63532449,36.8,37.94676903,27809.0,16.8,8.5,high,extremely_populated
South Carolina,Allendale,9589,67.31343284,29.7,26.67764436,15.80903982,39.9,16.20962253,77.3,41.53136847,12649.0,25.4,17.7,low,under_populated
South Carolina,McCormick,9806,76.63221578,19.6,20.01428462,12.56539535,34.2,13.37261871,51.1,35.09677661,22454.0,19.2,13.9,low,under_populated
South Carolina,Calhoun,14886,80.99983663,19.3,19.35286656,12.21130678,38.6,13.62607262,46.5,35.7452515,22964.0,16.1,8.5,low,under_populated
South Carolina,Chesterfield,46083,70.99627302,24.5,21.83341851,14.30657089,37.7,15.07611348,39.0,38.15790482,19088.0,23.4,9.5,low,under_populated
South Carolina,Cherokee,56274,69.11107839,22.7,19.74734721,13.45458098,42.6,15.03295901,26.7,37.63257893,19940.0,21.8,8.7,low,extremely_populated
South Carolina,Georgetown,60804,77.09370395,19.1,18.53880992,12.26520784,34.0,13.87533413,37.0,35.65795107,26601.0,14.0,9.5,low,under_populated
South Carolina,Kershaw,63090,82.16486127,15.9,16.1058857,11.49092209,38.8,13.24062711,30.9,37.62987394,23149.0,14.1,8.3,low,average_populated
South Carolina,Laurens,66442,70.40554921,20.3,21.31371985,13.60860157,36.1,15.28186106,31.7,37.8700663,20417.0,20.6,9.0,low,average_populated
South Carolina,Charleston,380673,61.14313467,16.3,14.89329425,10.59069039,26.7,13.10897468,36.4,32.64143325,33700.0,9.8,6.7,high,extremely_populated
South Carolina,Richland,401743,58.84544505,16.6,17.43024455,11.50542444,32.7,13.18852092,56.2,36.4893992,26852.0,9.4,8.5,high,extremely_populated
South Carolina,Greenville,482191,66.50311091,14.3,15.40134188,10.75398742,28.5,12.05001923,30.7,33.89176976,28065.0,13.1,6.4,low,extremely_populated
South Dakota,Jones,767,80.39702233,10.3,10.72569616,8.69228538,27.0,9.40248382,4.8,24.98963282,25229.0,8.3,2.3,high,under_populated
South Dakota,Harding,1277,69.16058394,13.1,11.28319123,9.047429772,39.8,9.425607251,4.8,25.39572442,27239.0,7.0,1.4,high,under_populated
South Dakota,Hyde,1440,79.26421405,11.0,11.58549957,9.459324736,25.4,9.720989607,15.2,25.01053889,28343.0,7.0,2.2,high,under_populated
South Dakota,Brule,5312,63.07969383,15.1,11.98089076,9.731837469,29.2,10.06250001,14.7,25.59970745,24496.0,13.8,2.4,high,under_populated
South Dakota,Tripp,5475,73.27514547,21.6,14.07827962,10.79850709,35.6,11.01116109,18.1,25.55604919,26270.0,12.5,0.6,high,under_populated
South Dakota,Walworth,5538,75.08710801,10.8,11.41365626,9.265301433,31.6,9.519270326,19.8,24.67449229,29199.0,12.2,3.4,high,under_populated
South Dakota,Day,5588,73.37437476,18.5,13.23759606,10.23283348,36.0,10.14830582,13.6,24.87470145,28811.0,11.1,1.9,low,under_populated
South Dakota,McCook,5616,73.69850611,10.4,10.50287239,8.629291698,36.3,9.00271855,4.9,24.21494609,28424.0,10.7,2.4,high,under_populated
South Dakota,Lincoln,51396,77.46449674,3.7,9.264702717,7.604786882,30.3,8.003230952,6.1,24.24211269,36896.0,4.9,1.9,high,average_populated
South Dakota,Pennington,107298,68.82655168,13.8,13.82969098,10.4822959,28.5,10.01668216,19.4,24.59039559,27964.0,7.2,4.8,high,under_populated
South Dakota,Minnehaha,182014,63.65174753,11.6,11.61817691,9.139439079,32.3,9.402216449,16.1,26.0525473,28337.0,8.6,3.7,high,extremely_populated
Tennessee,Pickett,5096,81.46979261,16.5,20.00851537,13.5752659,31.2,14.65005271,3.1,33.64305916,20664.0,22.7,6.0,low,under_populated
Tennessee,Van Buren,5641,83.17152104,19.1,21.98943432,14.14744377,31.6,15.13632214,4.3,34.35931551,21348.0,19.5,11.7,low,under_populated
Tennessee,Moore,6314,82.9746349,10.4,16.88403838,11.63010447,24.9,12.88588845,6.4,33.80362881,30126.0,13.9,5.8,low,under_populated
Tennessee,Obion,30900,67.9826976,21.1,23.46263679,14.96049329,37.9,15.63778585,16.2,36.32506306,21650.0,17.1,10.8,low,under_populated
Tennessee,Marshall,31335,70.74179165,15.1,20.47329324,12.95161867,37.9,13.92348709,14.2,35.21058469,23407.0,16.0,8.4,low,average_populated
Tennessee,Claiborne,31701,70.34295211,22.3,22.00981309,14.17551045,26.0,15.06375291,4.5,35.20019776,19215.0,22.8,8.4,low,under_populated
Tennessee,Henry,32291,76.45830225,19.4,21.67072396,14.35905073,33.6,15.18023059,12.3,35.49963676,23090.0,15.7,7.9,low,under_populated
Tennessee,Rhea,32461,70.26413871,22.9,21.63885662,14.24628951,37.8,15.07584093,8.8,35.34614206,20888.0,24.1,8.0,low,over_populated
Tennessee,Knox,448164,64.5288515,16.2,16.67281645,12.059098,30.7,13.60170435,17.1,34.07411947,28980.0,9.4,6.2,high,extremely_populated
Tennessee,Davidson,667885,54.11924305,17.7,16.75552136,12.45690484,29.7,13.31597555,43.4,39.07819924,30595.0,12.5,6.2,low,extremely_populated
Tennessee,Shelby,936990,55.35288072,21.4,20.61182374,13.61251901,35.5,13.78464316,63.2,38.12760073,26963.0,12.9,9.4,low,extremely_populated
Texas,Loving,76,63.63636364,16.4,15.31215414,9.576598445,28.9,10.98431527,27.6,32.59471262,32707.0,25.4,0.0,high,under_populated
Texas,King,274,37.36263736,3.3,17.41464744,10.93479853,22.7,11.9452858,23.4,29.97266299,30016.0,19.4,4.1,high,under_populated
Texas,Kenedy,558,33.97129187,22.8,30.34769831,15.31545044,23.7,14.40937565,71.3,32.90431135,13822.0,42.4,0.0,low,under_populated
Texas,Eastland,18252,75.69659443,17.6,18.54509811,11.97148282,34.6,13.09232431,19.8,29.43118174,21577.0,17.2,5.0,high,under_populated
Texas,Young,18275,78.07178044,15.3,18.09056381,11.69014811,34.3,12.96103989,20.9,29.26035005,25837.0,18.4,4.0,high,under_populated
Texas,Frio,18542,68.18771626,21.3,28.35128518,13.83944007,24.5,12.55669689,83.2,34.41030292,17547.0,37.2,6.9,high,under_populated
Texas,Deaf Smith,19039,63.28392246,17.2,25.43741696,13.16386575,26.7,12.71493915,73.1,32.52375405,19823.0,28.2,4.9,high,under_populated
Texas,Montague,19384,71.04440275,16.1,16.7049613,11.47055209,30.6,12.92339369,13.4,30.20772029,25403.0,17.9,6.0,high,under_populated
Texas,Tarrant,1000000,60.47396619,14.4,19.94554205,10.77299207,29.5,11.86198096,50.8,34.71893912,29791.0,14.8,6.0,high,extremely_populated
Texas,Dallas,1000000,50.14564864,18.6,19.30899162,12.11587963,30.0,12.49563981,69.2,32.8110438,28552.0,22.0,6.7,high,extremely_populated
Texas,Harris,1000000,54.66704474,17.4,18.85260153,11.00233567,27.7,11.63215651,68.8,33.92419475,29850.0,19.8,7.0,high,extremely_populated
Utah,Daggett,751,88.96551724,4.8,9.708535253,8.317095625,27.8,9.732263661,4.1,26.78546342,27182.0,4.9,4.9,low,under_populated
Utah,Piute,1859,87.9759519,16.7,13.42342519,10.76241254,26.1,11.92918574,4.8,29.19150259,17416.0,17.0,3.8,very low,under_populated
Utah,Rich,2284,76.93548387,15.8,14.00410329,10.91086492,26.1,12.17213243,10.1,28.45828228,19749.0,3.9,5.6,low,under_populated
Utah,San Juan,15540,80.01002004,27.6,21.28153724,15.36691076,35.2,15.6119139,54.7,33.97280781,15817.0,15.8,8.2,low,under_populated
Utah,Duchesne,20078,74.63877182,12.1,13.79511336,11.17123115,29.6,11.98651072,14.3,31.17283873,22941.0,12.7,5.9,low,under_populated
Utah,Carbon,20733,72.90922999,15.5,16.05402636,12.33394291,27.3,12.94250922,16.8,29.04068871,21953.0,12.1,7.6,low,under_populated
Utah,Sevier,20913,77.39980719,14.5,14.61232128,10.99705456,29.4,12.07570879,7.8,29.50947585,20074.0,10.6,5.3,low,under_populated
Utah,Wasatch,27895,71.28671475,8.8,11.35705419,9.656873065,23.6,10.66688112,16.1,28.19255035,28818.0,7.7,3.7,low,under_populated
Utah,Davis,329292,77.59879454,7.2,11.08990383,9.891797817,26.3,10.71578535,15.3,29.38911791,27059.0,4.5,3.7,low,extremely_populated
Utah,Utah,564177,67.60390665,12.5,12.62672969,9.972177984,25.0,10.55017852,16.6,29.33796222,22088.0,6.4,4.9,very low,extremely_populated
Utah,Salt Lake,1000000,66.71349569,11.4,13.63954346,9.981335732,24.5,10.95158594,27.4,29.54212964,28578.0,10.2,5.1,low,extremely_populated
Vermont,Essex,6173,80.15239478,14.8,15.66272388,11.55680435,28.6,13.34667964,4.3,32.70199176,22191.0,15.7,7.1,high,under_populated
Vermont,Grand Isle,6945,82.40647118,7.5,11.94318159,9.706024304,30.4,11.68960483,6.8,30.7920147,35613.0,6.3,6.1,high,average_populated
Vermont,Lamoille,25136,72.51814839,12.8,11.31451774,9.987080534,23.8,12.23794709,5.1,26.90029455,29180.0,8.2,3.9,high,under_populated
Vermont,Caledonia,30859,72.18765351,12.4,13.81302679,10.25638362,31.8,12.65834977,4.7,29.1502436,24948.0,9.4,6.3,high,under_populated
Vermont,Bennington,36503,73.34360555,13.4,12.62646206,10.26272659,29.6,12.71224715,5.2,30.37891802,30197.0,9.4,5.4,high,under_populated
Vermont,Addison,36926,74.07859906,8.7,9.683870326,8.612718879,25.5,10.92346992,6.9,28.62023519,30154.0,7.5,5.0,high,under_populated
Vermont,Windham,43609,67.78951773,14.0,12.32834158,10.26671887,24.2,12.64475389,6.3,26.86212689,28923.0,8.5,6.0,high,under_populated
Vermont,Franklin,48625,74.50220644,8.6,13.17820597,10.36719299,34.3,12.59629976,5.7,34.79236505,28892.0,10.3,5.0,high,under_populated
Vermont,Washington,58963,70.79831088,11.4,11.94769512,10.03267051,22.7,12.32695216,5.5,27.11921562,31464.0,6.4,4.6,high,average_populated
Vermont,Rutland,60133,72.50347982,12.3,13.92680472,10.25882294,31.4,12.43202708,4.2,31.00889957,27795.0,9.1,5.5,high,under_populated
Vermont,Chittenden,160510,62.97400612,11.5,9.925446379,9.043388094,21.1,11.35829837,10.4,26.83728427,34658.0,6.1,4.5,high,extremely_populated
Virginia,Highland,2230,81.92341941,12.6,14.1847045,10.46821596,26.5,11.89096162,0.4,32.21723416,28736.0,15.9,1.3,low,under_populated
Virginia,Norton City,3978,46.34414514,26.5,18.64433469,13.00192016,31.8,14.13726804,13.7,36.3125479,19522.0,17.2,13.6,high,extremely_populated
Virginia,Bath,4558,72.18609305,8.4,16.54532901,11.66688359,25.2,12.90721025,8.3,33.60159502,28210.0,12.7,8.7,low,under_populated
Virginia,Lee,24911,70.66346049,26.1,19.33215227,13.80825155,37.2,14.3308584,7.1,34.61624505,17820.0,24.6,12.3,low,under_populated
Virginia,King George,25260,77.05152148,5.6,14.57431719,9.738200134,30.2,11.0797624,26.2,34.64510403,35201.0,7.2,6.5,high,extremely_populated
Virginia,Salem City,25290,64.92257869,9.4,13.47516798,10.06751182,27.0,11.4204184,14.3,33.40488521,28892.0,10.5,5.0,high,extremely_populated
Virginia,Fluvanna,26046,83.88538915,6.9,13.40020848,9.629844643,30.4,10.99585882,21.3,35.16295578,30230.0,10.7,5.3,high,average_populated
Virginia,Winchester City,27349,46.90164866,14.6,16.54518045,11.28245735,33.9,12.19725195,32.4,35.4002971,26984.0,16.5,5.1,high,extremely_populated
Virginia,Prince William,443630,73.18915379,7.0,15.27954776,9.311323805,30.3,10.24570904,54.5,37.96108389,37063.0,11.0,5.4,high,extremely_populated
Virginia,Virginia Beach City,449733,64.08293461,8.2,11.78679379,9.399567421,26.9,10.54566347,37.1,36.22103832,33250.0,6.8,5.8,high,extremely_populated
Virginia,Fairfax,1000000,68.03093952,6.0,9.985845701,7.790317899,21.7,9.055649801,47.7,32.27067146,51851.0,8.3,4.7,high,extremely_populated
Washington,Garfield,2231,70.11033099,11.3,17.01192792,12.18507205,33.1,13.19420086,7.8,27.31610981,23313.0,3.6,4.4,low,under_populated
Washington,Columbia,3971,68.77133106,14.8,17.60191536,12.5216384,35.3,13.86307929,12.1,27.79655731,26536.0,10.1,9.0,high,under_populated
Washington,Wahkiakum,4051,85.84598699,14.1,13.68391793,11.49908661,35.5,13.25995187,10.3,26.46721529,27619.0,6.9,7.0,high,under_populated
Washington,Walla Walla,59809,64.56241033,16.5,16.38565636,11.74288905,27.2,12.59329592,27.4,27.0450891,24736.0,11.4,6.4,high,under_populated
Washington,Mason,61060,76.62205226,17.0,15.80610419,12.14065276,35.8,13.26150381,18.3,32.7460937,25628.0,12.6,10.8,high,under_populated
Washington,Grays Harbor,71233,66.21377773,16.6,17.60665841,12.73312245,35.8,13.52303019,20.0,32.36485023,23799.0,11.8,12.1,high,under_populated
Washington,Clallam,72969,70.65257241,15.7,16.22304139,12.31680527,29.2,13.3072974,16.4,29.03335395,26967.0,8.1,9.3,low,under_populated
Washington,Chelan,74761,65.81781868,12.6,17.16392855,11.52501845,26.6,12.82300103,31.2,28.37466803,26109.0,17.4,6.8,high,under_populated
Washington,Snohomish,758649,66.79712981,9.3,14.40397112,10.54412679,28.9,10.97991282,28.0,34.78382037,33883.0,8.2,6.2,high,extremely_populated
Washington,Pierce,832896,61.65899169,12.7,15.84061858,11.68365765,31.1,12.99031978,31.4,35.61900302,29750.0,9.0,7.8,high,extremely_populated
Washington,King,1000000,57.11963698,10.7,10.94128579,8.62673833,22.0,10.68055366,37.8,28.86866487,43629.0,7.5,5.5,high,extremely_populated
West Virginia,Wirt,5826,81.99279712,15.2,23.64125198,16.55132342,39.2,17.08647371,2.6,38.70031347,22021.0,16.7,5.4,low,under_populated
West Virginia,Tucker,6922,79.31034483,13.3,20.54577057,14.49139669,30.9,15.4138764,2.3,34.97080781,22958.0,12.7,8.2,low,under_populated
West Virginia,Pendleton,7291,81.19847812,18.2,23.25033555,15.75773988,31.9,16.43854323,5.1,36.85168159,23325.0,19.0,4.3,low,under_populated
West Virginia,Hampshire,23455,69.94722136,16.9,21.99130021,15.30688992,40.9,15.84771227,3.9,39.31084005,19997.0,20.0,7.6,low,under_populated
West Virginia,Brooke,23473,74.69117204,12.7,19.89211193,14.21226758,35.9,15.24077644,4.1,35.88922553,24428.0,9.9,4.1,low,extremely_populated
West Virginia,Boone,23645,75.64494972,26.0,27.35259772,17.78067023,40.6,17.87421463,2.1,42.45850439,20711.0,20.8,9.6,low,under_populated
West Virginia,Upshur,24632,75.22925997,17.9,23.95115449,16.31224689,32.4,16.56899007,3.6,39.39997609,21361.0,16.1,7.7,low,under_populated
West Virginia,Mingo,25549,73.98811734,26.0,28.43047804,18.87823053,36.8,18.85896147,4.0,39.97399733,19502.0,26.1,15.8,low,under_populated
West Virginia,Monongalia,102827,56.23841878,22.2,19.24541487,14.32176837,29.8,14.94983214,11.4,37.14970474,28041.0,8.4,6.1,high,extremely_populated
West Virginia,Berkeley,110173,74.06850614,13.2,20.18450974,14.0550612,36.8,14.4270347,14.9,42.95059689,27015.0,12.8,9.0,low,extremely_populated
West Virginia,Kanawha,189636,68.83190453,16.0,21.81569505,14.10898951,37.6,16.25572393,12.1,38.23993283,28030.0,12.0,6.4,low,extremely_populated
Wisconsin,Menominee,4457,65.55786556,33.1,26.94660876,18.58689451,43.2,18.51351395,90.9,40.03639623,15171.0,10.7,11.0,high,under_populated
Wisconsin,Florence,4474,84.7761194,8.0,12.73480836,10.09027099,33.8,11.14735098,1.7,31.38510899,28358.0,7.2,7.6,high,under_populated
Wisconsin,Iron,5850,74.89177489,12.8,13.41298127,10.74894474,26.1,11.96220252,3.8,32.55291458,25536.0,6.6,7.2,high,under_populated
Wisconsin,Oconto,37475,83.00501882,9.0,12.43987953,9.582321856,37.3,10.72340074,4.6,32.67447012,27623.0,9.6,5.0,very high,under_populated
Wisconsin,Pierce,40881,72.35634802,12.0,11.44141438,9.375555251,27.0,10.60673801,5.1,32.0395291,30009.0,5.3,2.8,very high,under_populated
Wisconsin,Marinette,41090,74.66051205,13.1,15.13518608,11.17172772,30.8,11.77952482,4.2,34.20792094,25231.0,8.6,6.6,high,under_populated
Wisconsin,Shawano,41384,76.5614901,11.4,14.13153242,10.4306203,36.2,11.56603478,12.6,33.07135788,25286.0,9.4,4.5,high,under_populated
Wisconsin,Polk,43483,78.38265808,9.9,12.58909883,10.14153338,32.6,11.18006482,4.6,30.54606433,27066.0,7.2,5.8,very high,under_populated
Wisconsin,Waukesha,395377,76.40020819,5.2,10.11486631,8.476046042,26.4,9.873065156,10.5,30.54972124,40174.0,4.1,3.7,high,extremely_populated
Wisconsin,Dane,516818,57.99034125,12.7,11.99054712,9.137529746,22.6,10.41817029,19.4,28.03612258,35687.0,4.7,4.4,very high,extremely_populated
Wisconsin,Milwaukee,955306,49.48831366,21.2,18.39096687,11.92232028,32.2,13.43463096,47.3,35.96534246,25881.0,13.1,8.1,very high,extremely_populated
Wyoming,Niobrara,2498,75.97137014,13.6,15.55867424,11.7120399,26.5,13.1450417,10.5,30.59812685,23356.0,11.1,0.5,high,under_populated
Wyoming,Hot Springs,4781,76.0977818,11.2,14.23377827,10.48302231,32.8,11.38864164,5.8,31.37856747,29499.0,8.4,3.5,high,under_populated
Wyoming,Weston,7175,77.69431744,14.7,13.93402474,10.46710804,33.3,11.43210215,7.8,30.22593971,29493.0,8.6,3.6,high,under_populated
Wyoming,Converse,14223,71.98379075,8.4,14.34261312,10.20819338,31.7,10.68216164,11.2,28.32697691,31470.0,9.8,5.3,high,under_populated
Wyoming,Carbon,15696,68.30152973,14.3,15.65532581,10.42512383,30.4,11.16577892,22.1,30.71021443,27399.0,9.6,4.1,high,under_populated
Wyoming,Lincoln,18543,78.74204947,8.8,12.46549708,9.773976062,26.8,11.0405252,7.4,28.9066143,29748.0,6.9,5.6,high,under_populated
Wyoming,Uinta,20893,75.26826115,16.8,15.53746378,11.21892548,35.8,11.90258224,12.3,31.09048541,25636.0,10.4,6.4,high,under_populated
Wyoming,Teton,22623,57.73094562,7.3,11.91435829,9.423727405,12.4,10.32218081,18.8,26.5517424,46499.0,4.6,2.1,very high,under_populated
Wyoming,Campbell,48473,72.19807868,8.1,12.61890505,9.59251466,31.9,10.66606749,12.2,34.97671666,33317.0,8.3,4.7,high,under_populated
Wyoming,Natrona,80871,67.03905513,10.5,14.52651899,9.941661759,31.8,11.048662,13.0,30.2283542,30902.0,8.3,4.9,high,under_populated
Wyoming,Laramie,96459,69.76186222,10.4,13.15294818,9.825271119,30.0,10.67462685,21.0,32.27794959,30249.0,6.7,5.6,high,under_populated
